,BLEU_fra_baseline,chrF_fra_baseline,BERTScore_fra_baseline,BLEU_fra_mcqa,chrF_fra_mcqa,BERTScore_fra_mcqa,BLEU_fra_translate_with_context,chrF_fra_translate_with_context,BERTScore_fra_translate_with_context,BLEU_arb_baseline,chrF_arb_baseline,BERTScore_arb_baseline,BLEU_arb_mcqa,chrF_arb_mcqa,BERTScore_arb_mcqa,BLEU_arb_translate_with_context,chrF_arb_translate_with_context,BERTScore_arb_translate_with_context,BLEU_azj_baseline,chrF_azj_baseline,BERTScore_azj_baseline,BLEU_azj_mcqa,chrF_azj_mcqa,BERTScore_azj_mcqa,BLEU_azj_translate_with_context,chrF_azj_translate_with_context,BERTScore_azj_translate_with_context,COMET_fra_baseline,COMET_fra_mcqa,COMET_fra_translate_with_context,COMET_arb_baseline,COMET_arb_mcqa,COMET_arb_translate_with_context,COMET_azj_baseline,COMET_azj_mcqa,COMET_azj_translate_with_context
0,51.295863824585034,72.45018611118128,0.9471105337142944,19.574410721550382,56.3074875692063,0.8547077775001526,28.984970517277358,61.49302538023817,0.8862265348434448,10.380235015651325,54.438493883178964,0.8775211572647095,6.601618238283769,50.7648660523381,0.8293961882591248,10.380235015651325,53.625110886079085,0.8831073045730591,25.748661016289674,54.46501895368847,0.8536680936813354,6.109833740738946,37.04139004141115,0.7500167489051819,13.380161378318954,48.043235756542266,0.8403741121292114,0.9246247410774231,0.8807272911071777,0.8910562992095947,0.9285333156585693,0.88620924949646,0.9266056418418884,0.9286792874336243,0.8516608476638794,0.9262479543685913
1,40.86247644471406,67.37945516348121,0.8920266628265381,39.22737258886656,72.89763883220722,0.8482043743133545,66.76602605917023,84.03271406425885,0.9429439306259155,39.04580912398148,57.031547993629985,0.8678927421569824,19.147265798368796,48.40539270943031,0.7915785908699036,38.20562306791338,52.791510365321834,0.8444883227348328,5.653041175801492,46.14349169488043,0.770728588104248,2.7794738724637273,41.10025203429702,0.7203629612922668,5.653041175801492,49.381187287947306,0.769315779209137,0.8862379789352417,0.8531761765480042,0.9389235973358154,0.9224271774291992,0.8132747411727905,0.8989709615707397,0.9286951422691345,0.8599544763565063,0.9384600520133972
2,63.929388291489836,89.01381069627467,0.9681934714317322,63.929388291489836,89.01381069627467,0.9681934714317322,63.929388291489836,89.01381069627467,0.9681934714317322,56.03356387920078,73.21929555640618,0.9229157567024231,58.91147431306695,78.40167081335898,0.9300124049186707,49.45703137422565,74.07788763460279,0.900104820728302,27.715820852411543,44.34741578299705,0.7954309582710266,39.498784725963596,52.27959910940591,0.805755078792572,38.454884263985306,49.26355837539183,0.8331929445266724,0.9359489679336548,0.9359489679336548,0.9359489679336548,0.938642680644989,0.9465256929397583,0.9229252338409424,0.9256898164749146,0.9129579663276672,0.9324190020561218
3,50.37528966367497,75.73546406757346,0.9430920481681824,29.0419474595935,67.44571631045021,0.8583831191062927,55.176400789681395,76.50480594901987,0.9450879096984863,10.170065501417424,48.01225431546005,0.8345087766647339,14.879641171245488,49.597306594685506,0.8179338574409485,10.521495173810226,48.230977005190226,0.8258888721466064,3.21858262703621,41.70584437444452,0.7881442904472351,2.4386622221532948,38.8361358587379,0.7475264072418213,3.9164496650022476,38.13182294928083,0.7571765184402466,0.9284229874610901,0.8165478706359863,0.9233317971229553,0.8997487425804138,0.906106173992157,0.8941293954849243,0.8075788617134094,0.8232788443565369,0.8861523866653442
4,4.883350589187573,33.14932850051696,0.7990686893463135,2.019385597421733,30.601301776242572,0.7519892454147339,3.77509944769953,29.350932812097007,0.7866988182067871,30.415590104969052,64.03824666064155,0.9137465953826904,15.663915411954296,56.24894474878324,0.8179365992546082,25.604182037885934,52.29812141560626,0.8868827819824219,2.616269437927649,33.73476000299856,0.7859476208686829,0.0,0.0,0.5760282278060913,2.616269437927649,31.912730464187213,0.7764824032783508,0.7093652486801147,0.7234016060829163,0.6904682517051697,0.8917323350906372,0.8384619951248169,0.8664947152137756,0.8980597257614136,0.22982186079025269,0.8807456493377686
5,59.61621647299124,78.19104015586584,0.9758032560348511,59.61621647299124,78.19104015586584,0.9758032560348511,59.61621647299124,78.19104015586584,0.9758032560348511,21.86976686325118,48.46712856689538,0.8349353075027466,11.751163762525296,44.9295502211396,0.7731638550758362,21.042990347620457,50.32445162166408,0.83436119556427,4.0451386841269,50.36076989621275,0.8477807641029358,3.3868193354396166,54.532142865703214,0.7905004024505615,6.608973813188645,57.967742937156,0.8639650940895081,0.9470265507698059,0.9470265507698059,0.9470265507698059,0.8779697418212891,0.7281384468078613,0.8828471302986145,0.9150360226631165,0.7791112661361694,0.9350501298904419
6,41.93862886171559,64.82316644555051,0.9153273105621338,38.05002082386756,68.8055233922248,0.9158861637115479,43.022709313926356,69.67950773804898,0.9228289127349854,17.059573701616795,57.396043286519394,0.8679194450378418,18.325671805686518,59.277596639452035,0.875312328338623,10.862721615727713,51.773917843709725,0.8533876538276672,17.4932986566737,66.01600887681947,0.8524803519248962,10.900096978029115,63.23347474753184,0.8666003942489624,10.194848081770873,64.34506953869541,0.8551437854766846,0.9084304571151733,0.9097993969917297,0.9164062738418579,0.914966881275177,0.908470094203949,0.9008347392082214,0.9103989601135254,0.9109460115432739,0.912888765335083
7,50.16418989411811,68.69048914230558,0.933947741985321,55.11606271508112,72.36176191437998,0.9407944083213806,50.16418989411811,68.69048914230558,0.933947741985321,12.584834793909208,60.06257749996927,0.891780436038971,32.511548954834396,69.32989546114081,0.912869393825531,10.166724095023941,56.50529329459996,0.876572847366333,7.243963463548661,41.821896125139155,0.7473037242889404,7.310048247799439,41.40043210432829,0.7547107934951782,7.243963463548661,40.58773414510004,0.7408413290977478,0.907564103603363,0.9131856560707092,0.907564103603363,0.9250864386558533,0.9185636639595032,0.9075761437416077,0.8660653829574585,0.8594003319740295,0.8693047761917114
8,76.59552353576204,88.72122993061376,0.9596937894821167,35.94039880288691,71.98016432722955,0.8540303111076355,76.59552353576204,88.72122993061376,0.9596937894821167,26.305014340253436,64.39328311793892,0.8599690198898315,8.383924775392588,56.622104319703595,0.824891984462738,26.305014340253436,64.39328311793892,0.8599690198898315,16.784459625186194,69.0283224499391,0.8484901785850525,0.0,0.0,0.5843544602394104,14.991106946711685,69.95373792368551,0.8430368900299072,0.9343159794807434,0.8407063484191895,0.9343159794807434,0.9118012189865112,0.8607141971588135,0.9118012189865112,0.9268250465393066,0.3158227205276489,0.9415002465248108
9,59.054403236554755,67.41638250287359,0.9336576461791992,61.544224978190364,70.46837034104813,0.942653477191925,58.76444896211867,66.1817528909448,0.9261724948883057,22.13567016059383,55.96496724205922,0.8768004179000854,16.7492549454904,56.10758999767413,0.8766130208969116,22.13567016059383,54.42167403348902,0.8720847368240356,26.07063797317407,54.284683807953414,0.8348756432533264,19.75709537368971,47.84876050296856,0.8131804466247559,26.07063797317407,51.357220267485324,0.8341110944747925,0.8703012466430664,0.9019853472709656,0.888241708278656,0.904769241809845,0.9117843508720398,0.9089328646659851,0.9133878946304321,0.9076740145683289,0.9115742444992065
10,54.58780963023511,71.60584981498565,0.9302208423614502,24.1643798413287,51.68326228737294,0.7887907028198242,33.35178348562955,63.136536010777256,0.8947886228561401,28.478383882245808,64.12720144200365,0.8761328458786011,0.0,0.0,0.5326809883117676,19.274170753925628,59.52046125680324,0.8841394782066345,22.3258980110716,53.07026650683385,0.845427393913269,2.4667752281619473,26.068779837277066,0.7526724934577942,23.717352158750117,54.023333367543124,0.8404362797737122,0.8983985185623169,0.6186975240707397,0.8761807680130005,0.896528422832489,0.21086405217647552,0.8953660130500793,0.9142005443572998,0.6873778104782104,0.919653058052063
11,31.826265799725554,65.02802752252651,0.8985335230827332,34.19358278201311,66.08600361988805,0.899753212928772,44.664692730734835,69.56881633347733,0.9100675582885742,30.652280830427507,62.36797658750014,0.8875215649604797,20.181670808330633,60.23869100453686,0.8927210569381714,28.096569804293118,58.8606074485428,0.8715336918830872,17.15544456879342,50.74908303460525,0.8243398070335388,24.283216483861967,51.037224491679034,0.8192271590232849,16.642577850891644,50.24366657918738,0.813528835773468,0.8699978590011597,0.8584688901901245,0.8732767701148987,0.8518322110176086,0.8807966709136963,0.8609362840652466,0.8752439022064209,0.8924978375434875,0.8796225786209106
12,41.236939169714375,53.12051311822583,0.8464311957359314,20.80009923286548,49.28715456319818,0.8183168768882751,35.13655111490515,50.49803397597531,0.8408170342445374,2.2655482624513295,30.31410985071511,0.786706805229187,3.889818545474848,32.76062062770173,0.7744050621986389,2.2655482624513295,27.26256668641216,0.77499920129776,21.74079588253386,52.403716346853514,0.8667270541191101,14.86872032633242,45.50431930256067,0.7928734421730042,16.763493694271855,50.214245998870396,0.8253297805786133,0.7132704257965088,0.6707615256309509,0.7120550870895386,0.7423180341720581,0.7626248002052307,0.7463217973709106,0.7923328876495361,0.7876304388046265,0.784715473651886
13,66.29849663362423,81.84808964690632,0.9577438831329346,50.915806379990514,74.22442582550697,0.8928261995315552,64.31719459025052,83.7228297014534,0.9598987698554993,15.435109972796836,57.20557938942403,0.8735105395317078,6.814385179012219,52.06670700381917,0.8247720003128052,15.483873945149524,65.40037236079581,0.8990625143051147,12.149477918353794,40.950481704930674,0.7813317179679871,7.812625691270017,36.82680103824628,0.7450757622718811,11.816699867675439,37.838438517229086,0.7867132425308228,0.9326561093330383,0.9052000045776367,0.9324370622634888,0.8927533030509949,0.8477634191513062,0.8926041722297668,0.8600016832351685,0.8839406371116638,0.9089588522911072
14,49.076550154960266,65.95245889692647,0.9300872683525085,58.98092292696498,71.98073430034417,0.9382045865058899,52.59073227956786,74.1146130903927,0.9598447680473328,37.25527931339364,74.78506339312425,0.9150460958480835,23.057207446246963,64.61018399192233,0.8418657183647156,41.072675483179786,76.13727439682401,0.9259844422340393,20.09685362442462,67.4564570541517,0.888655960559845,7.4645169049146,54.77706662435929,0.8003139495849609,15.516820105019535,62.56337857143514,0.8609232306480408,0.8644410371780396,0.8641846776008606,0.8697713613510132,0.9011937975883484,0.8455685377120972,0.9109623432159424,0.9423453211784363,0.8845759630203247,0.917030394077301
15,14.825447843028078,46.84127572240726,0.8238388299942017,18.229019392181087,48.51315513757713,0.8164263367652893,16.59663588777555,47.68610786026288,0.8247721791267395,22.177784311701792,59.78510408969379,0.8864040970802307,22.177784311701792,59.78510408969379,0.8864040970802307,7.873147799747861,48.29991416862752,0.7433987259864807,8.181681618683575,45.86735118869398,0.8063104152679443,5.227629051396351,42.653932126256684,0.806000292301178,8.181681618683575,47.16850716372737,0.826389491558075,0.8035584688186646,0.8639084100723267,0.8126739859580994,0.9015311002731323,0.9015311002731323,0.6646013855934143,0.9299807548522949,0.9108788967132568,0.9215293526649475
16,65.97618889159988,84.32193990472473,0.9611929059028625,44.30838154334612,75.96354937540153,0.8837890625,53.781668680099195,75.66820976451442,0.9498403072357178,15.05770286076146,64.18758333562324,0.8773043751716614,8.529786850808401,58.35943329938962,0.828295111656189,19.56475149792291,60.84030732547983,0.8793163895606995,4.016138436407654,46.33348530630278,0.8306246995925903,3.5198870526684183,53.89900566600338,0.8141336441040039,3.716499092256817,39.40606635400419,0.8030455112457275,0.9286016821861267,0.6937772035598755,0.919550895690918,0.91596919298172,0.845504641532898,0.914120078086853,0.8767114877700806,0.7689274549484253,0.8781564235687256
17,31.941772648233083,59.91019115736238,0.9006272554397583,21.921925173252717,57.39477598902629,0.8290259838104248,25.912612205979787,56.37641590351993,0.8906723856925964,23.30790879901099,51.35316918709704,0.8550551533699036,2.4183603871584722,24.45342409290226,0.755270779132843,13.971535305755676,49.880011768641324,0.8647064566612244,4.042649040111612,45.942174133306565,0.8140305876731873,1.0605002971415018,17.973595598522337,0.7079530358314514,4.150547731411289,46.28237401652024,0.8151530623435974,0.8685866594314575,0.8534226417541504,0.8961048126220703,0.8508355021476746,0.7107269167900085,0.9001069068908691,0.9155228734016418,0.6572678089141846,0.9159327149391174
18,72.97349727547102,84.70411664306691,0.9398098587989807,72.97349727547102,84.70411664306691,0.9398098587989807,76.08566262731651,85.67675547843862,0.9461941719055176,11.571628293672783,59.64234640166855,0.8734983205795288,12.997432906360487,66.03833976098372,0.892327606678009,18.22986851602933,68.22680248274153,0.9129971861839294,5.704212259993485,39.95636929721578,0.7925667762756348,5.704212259993485,39.95636929721578,0.7925667762756348,5.704212259993485,39.95636929721578,0.7925667762756348,0.9331903457641602,0.9331903457641602,0.9368504285812378,0.8777647614479065,0.9063855409622192,0.9213470220565796,0.9177243113517761,0.9177243113517761,0.9177243113517761
19,52.079323281751236,76.50780610501494,0.9190495014190674,57.92154834458867,77.6399276800332,0.927806556224823,56.18021051049214,78.62250490816723,0.9166135787963867,1.8512509556591454,38.10793725088242,0.8237090110778809,1.962672844874697,44.65764465672101,0.7860283851623535,3.915432272000795,44.4932247266867,0.8363738059997559,5.928330061638001,45.377444844701095,0.835886538028717,3.354647523072955,45.26740974688545,0.7805624604225159,9.637411586929977,47.54813589191107,0.8445554375648499,0.9449506998062134,0.9456567764282227,0.9435691833496094,0.7850559949874878,0.7875877618789673,0.8685539960861206,0.9148105382919312,0.8783215880393982,0.9187002182006836
20,38.39786624078104,70.82856885276976,0.8980129361152649,12.861981016228478,55.758576555288805,0.8715519905090332,13.014024874369815,53.56481326091247,0.859194278717041,9.375572291917328,63.827718400210586,0.9049246311187744,20.455163269401236,72.09841728773443,0.9334787130355835,1.9025893994203928,25.77576487729879,0.6228311061859131,4.8896574421667385,42.53992009479963,0.7961328029632568,6.804343840447217,45.89730677733233,0.826442301273346,5.988582875155427,43.744265283973355,0.8035025596618652,0.8974250555038452,0.8985714912414551,0.9004226922988892,0.9358759522438049,0.9450269341468811,0.4043855667114258,0.9071806073188782,0.9011359214782715,0.9089258313179016
21,38.00427070295603,68.6933409772285,0.9354157447814941,31.020161970069985,67.1567510549555,0.862013041973114,49.89070972910272,73.95729781195185,0.9313693642616272,39.84681131627584,72.12056422200963,0.8919705152511597,23.81948610114928,61.967978966552664,0.8242859244346619,3.1251907639724417,37.36384597773578,0.7230637073516846,28.17669023254116,58.59836788901621,0.8635841608047485,25.422541413895544,54.992060494414595,0.8204150795936584,28.856134180237383,56.69551599751755,0.8662492036819458,0.9317733645439148,0.8601701855659485,0.9345552325248718,0.9037161469459534,0.7849593162536621,0.6202952265739441,0.9247077107429504,0.8995044231414795,0.9311942458152771
22,46.29387085509976,66.68931523677728,0.8628873229026794,94.30856310394779,98.80801735436009,0.9689909815788269,23.356790150324986,63.275657375509674,0.7302493453025818,16.072406120395364,41.378706152969194,0.8910987377166748,28.91556909777699,56.62329654385798,0.9093477129936218,75.31549224547236,91.20507446486683,0.9371666312217712,29.175929784144866,47.63969307991241,0.8579065799713135,30.849789737914435,56.45750553898539,0.8464397192001343,70.3429901882202,92.8795816842732,0.9215781688690186,0.875810980796814,0.9268026947975159,0.6012650728225708,0.8942388296127319,0.9244488477706909,0.8638230562210083,0.9172804951667786,0.8949063420295715,0.8710523843765259
23,59.23944658517654,75.0161068311215,0.9160916209220886,61.93308010976904,74.2465371526956,0.9200166463851929,77.74116916174064,84.85312243528494,0.9466301798820496,24.192619393259797,51.878502181536575,0.8821945190429688,16.201038834403217,51.51725424217876,0.8414693474769592,14.728212724124628,50.09902356244089,0.8691533803939819,8.854756864403214,36.8933263362024,0.7588850259780884,13.985017692679852,40.55724139109651,0.7499939799308777,14.543850872444347,40.62678445922321,0.7793428301811218,0.8897615671157837,0.8856654763221741,0.9113078713417053,0.9403256177902222,0.8826445937156677,0.9376466274261475,0.9026630520820618,0.9093689322471619,0.9151178002357483
24,38.910823714648856,66.8072845969981,0.9088071584701538,38.910823714648856,66.8072845969981,0.9088071584701538,38.910823714648856,66.8072845969981,0.9088071584701538,19.04774674355918,49.50547669440451,0.8355394005775452,30.2891221374327,56.94421472557438,0.8865686655044556,22.549907910826683,60.825802087339156,0.8840195536613464,14.043459416399545,63.12524592214401,0.8732067942619324,14.043459416399545,61.94642942529301,0.8762118816375732,14.043459416399545,63.30155746573421,0.8826157450675964,0.9276068210601807,0.9276068210601807,0.9276068210601807,0.8933522701263428,0.9147601127624512,0.9289155006408691,0.9322574734687805,0.7759101390838623,0.9107607007026672
25,100.00000000000004,100.0,1.0,20.61487201475908,64.00373373107865,0.8355255126953125,100.00000000000004,100.0,1.0,100.00000000000004,100.0,1.0,70.1396726799769,97.00713223542921,0.9748819470405579,38.8905561152711,76.29136651037427,0.7659252882003784,43.47208719449914,81.8584522490477,0.9200065732002258,27.482545710800192,80.00052418244776,0.8778272271156311,15.619699684601283,70.56085698575258,0.8835588693618774,0.9779312014579773,0.6819069385528564,0.9779312014579773,0.9796929955482483,0.9623445272445679,0.4182699918746948,0.9573540687561035,0.9588647484779358,0.9502235651016235
26,76.50480135561659,82.99420780506811,0.9698614478111267,41.8548504471833,68.84903271871862,0.8951414227485657,71.0109425285578,84.33306256140578,0.9722760319709778,15.917012694603715,54.06339620789266,0.904753565788269,15.450079547146164,56.97413547461979,0.8460478782653809,14.963996696262031,51.89696326466263,0.8646239638328552,7.335572403450268,49.144856518523575,0.8111773133277893,4.3006625536967915,45.498975183068595,0.7488774061203003,4.804924582072688,48.53600216844586,0.8066738843917847,0.9235486388206482,0.8629188537597656,0.9391699433326721,0.9354857802391052,0.8723480105400085,0.9241207838058472,0.9093987941741943,0.8994629383087158,0.9116677045822144
27,60.26080978557135,81.99954799075027,0.95921391248703,36.31474833716425,73.05474868461374,0.8885198831558228,60.26080978557135,81.99954799075027,0.95921391248703,7.474875887495341,32.08920474755851,0.8173543810844421,4.504556737153658,28.211184875585428,0.7632511258125305,6.917184228205472,31.241808973355145,0.807644784450531,2.825888028840774,28.13479425493893,0.7581421136856079,2.862999365766888,30.210031608247927,0.7127516865730286,2.825888028840774,26.633648560841827,0.7507272958755493,0.9392232298851013,0.8694564700126648,0.9392232298851013,0.8882372975349426,0.8313047289848328,0.8700814247131348,0.8132846355438232,0.8336195945739746,0.8287270665168762
28,61.693324841584655,74.90273884274303,0.9499597549438477,60.63781774549262,82.41632674902365,0.885734498500824,76.06811142113595,79.24927012609264,0.948584794998169,26.916574623991007,57.19782848096583,0.8355515599250793,19.124813148884037,52.327446945442944,0.783224880695343,26.916574623991007,57.35108974564586,0.8426542282104492,25.955123613876072,46.04898500737393,0.8171592354774475,10.132393619864414,41.0362809017003,0.7534987330436707,25.955123613876072,46.04898500737393,0.8171592354774475,0.9080298542976379,0.8088814616203308,0.8877914547920227,0.8979183435440063,0.8394506573677063,0.9076053500175476,0.8769535422325134,0.8189609050750732,0.8769535422325134
29,49.17574775266128,77.63973503092181,0.8854312896728516,21.951524426618455,70.32216421297224,0.8626196384429932,11.268706361337427,62.319201517758124,0.8522837162017822,7.4819983481310155,44.23607253728955,0.8306516408920288,23.340109401348037,48.00338384876455,0.8156397938728333,7.4819983481310155,44.23607253728955,0.8306516408920288,5.432423799142818,34.215767961843554,0.7881119251251221,0.0,0.0,0.5904053449630737,5.415315253510896,34.489862419523234,0.7878158092498779,0.8547987937927246,0.8436952233314514,0.828839898109436,0.7012162208557129,0.6952488422393799,0.7012162208557129,0.821038544178009,0.22385360300540924,0.8245949149131775
30,55.015192332287995,76.29700774298345,0.9406834244728088,61.31673162444419,69.47787575522273,0.9033967852592468,64.88392066244488,82.07875022738074,0.9626642465591431,26.87602905842926,64.93001897010117,0.9274333119392395,24.60726159532103,62.666653409166905,0.9114229083061218,27.76428384153742,64.51702845302754,0.914329469203949,5.121269901545812,33.248033949880416,0.7830737829208374,4.972668795785734,31.835414203226627,0.771930456161499,3.5054004564445864,24.95610971809566,0.7328389883041382,0.9293482303619385,0.929841935634613,0.9453054070472717,0.9344495534896851,0.9302464723587036,0.93630450963974,0.9163298010826111,0.9080323576927185,0.9098108410835266
31,5.990171675635978,34.78129702090323,0.7866145968437195,5.101599307902365,36.008384975399835,0.7522957921028137,5.990171675635978,35.50343304005718,0.7866816520690918,26.413539332182733,71.46572839300744,0.9322588443756104,16.84849930148333,65.91751783171898,0.9169809818267822,26.29321012055612,72.23090082244586,0.9335957169532776,7.023357200693732,36.39299765886131,0.8436799049377441,3.8713182054813897,43.45443620149661,0.7686647772789001,7.023357200693732,41.31465792246852,0.8546980023384094,0.7559944987297058,0.7157050967216492,0.7702731490135193,0.8388186693191528,0.8280444741249084,0.8397813439369202,0.8616372346878052,0.770883321762085,0.8718804121017456
32,100.00000000000004,100.0,0.9999999403953552,49.86955276293472,87.94347747296342,0.904509425163269,74.03264531852044,91.50567907597859,0.9710918068885803,9.560408787521254,45.93671343665317,0.8448122143745422,1.8564670505078418,38.31078143964427,0.7729489803314209,9.58747692362008,45.93671343665317,0.8436561822891235,13.558496146802444,54.75008384480666,0.8160473704338074,0.0,0.0,0.553588330745697,6.1257421420935225,49.38905079901444,0.8022299408912659,0.9724581837654114,0.8477595448493958,0.9510767459869385,0.9053469896316528,0.8077510595321655,0.9141344428062439,0.9361424446105957,0.27649083733558655,0.9345702528953552
33,28.547255188621307,64.64457577447254,0.9331325888633728,30.329894916352778,58.1151527958272,0.8649347424507141,28.547255188621307,64.64457577447254,0.9331325888633728,30.71236842577046,63.52723795222488,0.9050671458244324,32.14464400836797,60.964007368292506,0.901155412197113,33.45522635649636,65.87584456643893,0.9165879487991333,12.500763055889763,53.69291489756184,0.858113706111908,12.920725243713852,51.669306384322454,0.8158153295516968,5.320425345178229,48.09685982264858,0.8437497019767761,0.9049707055091858,0.873510479927063,0.9049707055091858,0.9445763826370239,0.9437856078147888,0.946457028388977,0.9485828280448914,0.9376819729804993,0.9392158389091492
34,7.997800623453542,38.75745965784442,0.8204341530799866,3.7735645292725852,38.00946747831705,0.7695209980010986,7.439820585622744,43.17164394657925,0.8129348754882812,33.932513407933634,62.733349796343106,0.9006115794181824,2.252278368576829,43.00190666816169,0.7896089553833008,33.932513407933634,62.733349796343106,0.9006115794181824,7.817610446892725,39.92865479241096,0.8233445286750793,3.632928877985223,41.516992257433024,0.757888674736023,7.817610446892725,39.92865479241096,0.8233445286750793,0.8795593976974487,0.7950578927993774,0.8976920247077942,0.945553183555603,0.790768563747406,0.945553183555603,0.9448520541191101,0.9013356566429138,0.9448520541191101
35,35.415580578238796,57.08789676161613,0.9137098789215088,21.824882776994265,52.55845689197523,0.835105836391449,35.415580578238796,57.08789676161613,0.9137098789215088,17.096862609754865,38.817277303635585,0.8437178730964661,16.692486522015717,43.486931302544136,0.8542514443397522,18.40992998935616,43.76203613407099,0.8574321866035461,25.807394313566274,62.835126190112064,0.8521856665611267,13.244893283195285,60.15779494182401,0.8039968013763428,24.475340607908883,64.2106104267551,0.881740927696228,0.7981123328208923,0.7253577709197998,0.7981123328208923,0.8976861238479614,0.8848408460617065,0.9019291400909424,0.9114534854888916,0.8674875497817993,0.9388120174407959
36,22.46130408843659,56.18545818249716,0.8842748403549194,30.2304629270663,59.413905373740484,0.8897594809532166,30.2304629270663,59.413905373740484,0.8897594809532166,21.916081372873837,54.970074979728736,0.8511896133422852,15.289331961088024,49.8931298348057,0.8528392910957336,6.2976721621946385,43.399012572736304,0.8189862370491028,16.18354821596954,37.87834108378721,0.8246156573295593,17.31711119562383,40.41085373626138,0.843207597732544,26.260879452593482,45.240042386030865,0.8384873867034912,0.8293191194534302,0.8089006543159485,0.8089006543159485,0.8975113034248352,0.8389198780059814,0.831047534942627,0.914480447769165,0.9173074960708618,0.917202353477478
37,50.60978596040055,73.75802651315757,0.8937893509864807,35.36164538729728,72.29730654162165,0.8647993803024292,53.53845791106518,72.47637293865033,0.9153526425361633,39.24259174695315,69.94057407132878,0.8832067847251892,17.278330851481755,57.41544857407453,0.7943305969238281,7.158758897970242,41.492951558088784,0.8103520274162292,16.40361190495691,56.07906267439978,0.830754280090332,0.0,0.0,0.598560094833374,32.88580454955831,64.95112730379908,0.862246036529541,0.8735564947128296,0.7680526971817017,0.8971409797668457,0.9069660305976868,0.8326497077941895,0.8753964900970459,0.9225901961326599,0.2584884464740753,0.9329611659049988
38,74.45389400758131,81.20745009391916,0.9550557732582092,31.705334210878704,61.457395890387744,0.8297352194786072,56.60979188828385,68.2443019817803,0.9176038503646851,17.609282679116177,40.87464405326375,0.8631293177604675,15.16834432881333,46.30320458440901,0.803742527961731,6.725321874176006,45.15093722348119,0.8792754411697388,17.511026255205437,42.08267253925499,0.8541434407234192,12.38490128281054,44.01170599691412,0.7948450446128845,17.511026255205437,42.07464514855138,0.8540828227996826,0.9309189319610596,0.8184859752655029,0.9082946181297302,0.668674886226654,0.6961814165115356,0.8002939820289612,0.8642608523368835,0.822791576385498,0.882912278175354
39,66.3270454813807,81.68431787277657,0.9435664415359497,36.96969301945659,72.29648825287363,0.8386767506599426,55.84109052660159,75.9153872142173,0.9333275556564331,78.09325628873462,88.14624899267866,0.9755637645721436,41.3948387915005,72.38349999430146,0.8718621134757996,29.153692299445225,63.51476009865195,0.8496313691139221,2.711020190038818,28.879624507045587,0.7594085931777954,3.2677968802443296,35.034693715687446,0.7370079159736633,4.820951384145839,28.502269073394267,0.7664024829864502,0.9262785315513611,0.8336168527603149,0.9157418012619019,0.955071210861206,0.8815750479698181,0.908653199672699,0.8994232416152954,0.8812345266342163,0.8957902789115906
40,71.1832929407257,84.83181217824077,0.9227139949798584,71.1832929407257,84.83181217824077,0.9227139949798584,71.1832929407257,84.83181217824077,0.9227139949798584,58.40133163781688,74.54122337603717,0.937374472618103,53.66411241731205,74.795218127822,0.9226464033126831,42.34885228074744,70.2644064023998,0.9186423420906067,17.92334464048543,58.43544188455707,0.8571493625640869,16.256774711563594,44.29394736339639,0.7998837828636169,31.22836902405721,63.15119820677724,0.8558562397956848,0.9353751540184021,0.9353751540184021,0.9353751540184021,0.8974107503890991,0.9189125895500183,0.9223266839981079,0.9067379832267761,0.8853921294212341,0.9269859194755554
41,42.311785416105785,59.4376410422497,0.9202402830123901,12.069505116436089,43.26534978428321,0.7768973708152771,42.311785416105785,59.4376410422497,0.9202402830123901,20.164945583740657,53.29425033048138,0.892339289188385,7.681104116622756,39.3978735261792,0.7697311639785767,41.11336169005198,64.11040911735438,0.8897522687911987,9.599621398238426,37.158812410992574,0.8253564834594727,17.89570640154152,56.151595563916956,0.7393664121627808,7.764220917386238,29.875906952704245,0.8018374443054199,0.8791324496269226,0.6198295950889587,0.8791324496269226,0.7627437114715576,0.6902977824211121,0.8258904218673706,0.7132248282432556,0.6713259816169739,0.6818155646324158
42,66.00918742505016,83.82167023631031,0.9644370675086975,77.3504909243674,87.38052136930085,0.9703894853591919,58.46610433384775,81.19503024888867,0.9574956893920898,47.467913885027954,74.318997128579,0.9065839052200317,37.63278728427449,69.04947831795502,0.9100714921951294,34.89214645008508,64.8417966777554,0.9102656841278076,20.052032496997427,43.31409788980553,0.7809658646583557,22.50265947708922,42.81310709604057,0.765273928642273,23.85948537905441,46.39214103554733,0.8167132139205933,0.9178921580314636,0.9176598787307739,0.9158369302749634,0.8837614059448242,0.8701394200325012,0.8719432950019836,0.8702890872955322,0.8819093704223633,0.8830153942108154
43,31.27670021100431,55.574439178291904,0.8669077754020691,48.84391791679523,65.53364933209352,0.8878509998321533,30.780921041694775,53.232034634517625,0.8648533225059509,15.787761984571144,38.654116851897264,0.8317502737045288,5.356850921756574,41.210403100872774,0.7915488481521606,15.787761984571144,38.654116851897264,0.8317502737045288,4.065425428798724,43.239990193422365,0.8073840141296387,1.962672844874697,39.36091588132982,0.766396701335907,4.016138436407654,45.21989398059676,0.8180732727050781,0.8992959856987,0.9118008613586426,0.9034373760223389,0.7906802892684937,0.8107120990753174,0.7906802892684937,0.8863231539726257,0.8076276779174805,0.9257822036743164
44,66.85376886716391,87.29124775339162,0.9288910627365112,33.71126414993385,71.15501109773169,0.8346771001815796,94.57416090031757,97.68636687854726,0.9786567687988281,20.200106912694157,61.37237830362877,0.8701185584068298,1.4780822562194806,33.94490152532839,0.7414242029190063,12.571192676522521,39.872444694917284,0.8254228234291077,22.025684816521746,47.65357028780705,0.9003384709358215,10.625281384457027,47.186488596613444,0.8088991045951843,21.507070017014073,47.29667049339391,0.9012985229492188,0.9454147219657898,0.7969655394554138,0.9635008573532104,0.8419332504272461,0.7070415616035461,0.8475080132484436,0.9199873805046082,0.8453122973442078,0.9195259213447571
45,79.67232840950678,82.24950790578056,0.9695962071418762,79.67232840950678,82.24950790578056,0.9695962071418762,63.068437684145124,72.97512620562628,0.9596190452575684,43.78186940457314,73.4141036808194,0.9281163215637207,32.91929878079057,60.03467325762028,0.9120737910270691,41.40633561584793,67.34412582223587,0.9278846979141235,15.777191181545202,32.0659148167973,0.8240280151367188,2.989081421134522,16.669985339226624,0.7734107971191406,15.732647746232502,31.86912403739033,0.8236993551254272,0.9318602085113525,0.9318602085113525,0.9193838238716125,0.8671956062316895,0.8133543133735657,0.8573474287986755,0.8879657983779907,0.7641364932060242,0.8886026740074158
46,41.577685147811735,66.45463820599882,0.9291135668754578,33.61336783650558,59.69897142928474,0.8923771977424622,40.810303219840115,64.57295881835374,0.9038435220718384,6.898310425508558,44.94588204681121,0.8083868622779846,10.6461041358917,47.54666515373886,0.8186846971511841,9.094793996067798,50.961326788341175,0.8159797191619873,15.87472899368401,44.35487629564191,0.7824228405952454,11.857020645058961,47.534893428474184,0.7761397361755371,11.146727460890448,45.391521851408505,0.7901874780654907,0.885500431060791,0.8917741775512695,0.8986977338790894,0.8060882091522217,0.8170903921127319,0.7734031081199646,0.8749075531959534,0.8674312233924866,0.8666693568229675
47,27.289161916937907,62.270586049569644,0.9027274250984192,30.504241831465897,58.911873937882916,0.8650265336036682,29.430084654393667,60.11992886570682,0.9000570178031921,7.574673616455972,51.73177741475327,0.8750102519989014,6.466788541483784,54.824425972908784,0.880301296710968,5.218250720450412,46.246712890958,0.8491678237915039,9.637411586929977,43.527194663493816,0.8013173937797546,8.763183317285746,42.036686788876445,0.8336569666862488,7.831957705977147,39.57726907844366,0.7870132327079773,0.8256400227546692,0.826554000377655,0.8400112986564636,0.8119891881942749,0.8036171793937683,0.8069655895233154,0.8912419676780701,0.8861638903617859,0.7994163036346436
48,42.32691015191597,64.8362247605865,0.9211127758026123,53.4156557789369,73.15933214860337,0.9487279653549194,41.183038737815856,71.5728241399758,0.9465762972831726,51.249480270291265,72.17632646636775,0.9196870923042297,41.65767636794606,70.96940759654623,0.9160417914390564,45.56794776992747,70.03037382334577,0.9125064015388489,15.511550090520089,50.69915206601515,0.8420560956001282,16.927318970546587,54.137935657286796,0.8494748473167419,18.69300079996002,51.86495173493988,0.8348330855369568,0.8924046158790588,0.9202417731285095,0.9212548732757568,0.9295284152030945,0.9293155670166016,0.9251798987388611,0.9040530323982239,0.9368128180503845,0.9300023317337036
49,34.030930445332054,66.18713072076632,0.9137933254241943,15.473577834882835,57.08955854249413,0.8196256160736084,33.25017224716218,64.17853506484248,0.9059656262397766,29.70518430756767,60.280428708713195,0.9013271331787109,6.535593760488662,47.070020229694485,0.7998008728027344,27.444201848360166,50.76892225167813,0.8707598447799683,5.852284798798958,48.341164060188376,0.8361228704452515,3.149696072246702,49.260805858026885,0.8115526437759399,3.716499092256817,40.134902666736735,0.8040579557418823,0.927409291267395,0.8684943914413452,0.9267823100090027,0.94527268409729,0.896638810634613,0.9320668578147888,0.9195326566696167,0.9225388765335083,0.9135151505470276
50,31.11857317041993,53.55358569708043,0.8569124937057495,34.32501777710308,57.559741581634405,0.847108781337738,37.44826426026849,58.065962159149656,0.8713909983634949,19.274841265993057,53.67262498032177,0.8698055744171143,10.372381627886247,48.49139550210202,0.8131094574928284,25.834307995969304,56.74809673563806,0.8749309778213501,9.541097559292345,43.02129730788728,0.8027980923652649,0.0,0.0,0.5506582856178284,18.930563409375136,43.48381350572903,0.7947207093238831,0.7684986591339111,0.8107861876487732,0.7907750606536865,0.8438869118690491,0.7507429718971252,0.8398188352584839,0.8387386798858643,0.2710135281085968,0.8347334861755371
51,62.966665021148124,81.56310215196054,0.945320725440979,58.1787618559742,75.67144585493689,0.9229860901832581,61.9460642253826,77.24255631614675,0.9408946633338928,18.21445699344457,43.88751918099744,0.8121846914291382,18.17523213382638,42.90612325920701,0.8044455051422119,21.8767382614453,41.69305183092294,0.7932379841804504,7.408590762781679,39.12395461375717,0.7776152491569519,9.188355573937164,36.85978517618324,0.7798508405685425,9.188355573937164,36.85978517618324,0.7798508405685425,0.9099181294441223,0.865567147731781,0.884986162185669,0.876524031162262,0.8709264397621155,0.8749698996543884,0.9087880253791809,0.9026039838790894,0.9026039838790894
52,45.04662722983341,69.60207941443282,0.9524519443511963,57.30574043798692,79.39757365481623,0.9555323719978333,45.04662722983341,69.60207941443282,0.9524519443511963,22.894156860669913,60.853873529975964,0.9223132729530334,35.21740722723756,64.06675237897146,0.9305277466773987,21.874057156123218,56.74601997182423,0.9103988409042358,7.768562846380172,52.98958637643075,0.8558188080787659,3.8902180856807296,40.64348109289926,0.8076050281524658,7.768562846380172,52.98958637643075,0.8558188080787659,0.9326465129852295,0.9351533055305481,0.9326465129852295,0.9131814241409302,0.8796469569206238,0.9192509651184082,0.9361670613288879,0.8587353229522705,0.9361670613288879
53,81.53551038173119,94.97380252636715,0.9855331778526306,74.8705249982442,93.8206680629829,0.9559648633003235,59.97820163128021,89.16502620497538,0.9754462838172913,4.02724819242185,33.42732266687144,0.7727103233337402,1.5880117714047368,24.331673406280245,0.7064135670661926,3.673526562988939,36.33278184735546,0.7956194281578064,4.540013809283726,36.23746218623607,0.8455535769462585,0.0,0.0,0.5833778977394104,4.513617516969122,36.877630025589504,0.8187414407730103,0.949589192867279,0.9345591068267822,0.9374923706054688,0.6620002388954163,0.5900244116783142,0.7021047472953796,0.8629217147827148,0.2669198215007782,0.7564338445663452
54,52.500844009281,76.08375606698067,0.9522116184234619,68.9554944419693,85.51826013936021,0.9761232733726501,50.0494822043195,71.64800765699057,0.9459102749824524,27.838314887015954,60.39402207302543,0.8660120964050293,16.564565321939206,56.37958461967377,0.8030850887298584,27.838314887015954,60.39402207302543,0.8660120964050293,5.546271694289607,49.52548053636349,0.8459305167198181,3.5148478313698046,45.75127181533076,0.7872759699821472,5.546271694289607,49.52548053636349,0.8459305167198181,0.9318658113479614,0.9394429922103882,0.9268045425415039,0.9246562719345093,0.8733737468719482,0.9246562719345093,0.9455690383911133,0.9020141959190369,0.9455690383911133
55,84.92326635760686,96.59019608247615,0.994182288646698,51.63977794943224,77.13467153842211,0.90944904088974,80.86627571031983,91.95804369959963,0.9787176251411438,21.023693683267553,59.32638754383112,0.8567817807197571,12.586347848916265,50.85112656067267,0.8102542161941528,21.023693683267553,61.85137960343216,0.8610079884529114,6.608973813188645,46.900449647700725,0.7856714725494385,2.7156804039319287,44.22709178991225,0.7396597266197205,7.141816289329644,46.547417518167904,0.7982329726219177,0.9293162822723389,0.8515632748603821,0.909480094909668,0.8281313180923462,0.7683250308036804,0.8118086457252502,0.7302308678627014,0.8124430775642395,0.7745887637138367
56,33.379363940407956,62.808273579293704,0.8772122263908386,33.00862179130941,63.640981994945086,0.8891111612319946,37.767013228800366,65.1881019743866,0.9024585485458374,3.748131723822483,45.79203920779376,0.8262395262718201,3.392268780792677,44.7978872971086,0.8177218437194824,3.2808945250121386,41.96889047150856,0.803960919380188,18.84297589922174,61.102792983599784,0.8255177140235901,17.57208841022317,58.252291339020076,0.8457544445991516,25.39582955040447,59.08384217110096,0.8530386686325073,0.8758032321929932,0.8818178176879883,0.8801453709602356,0.8846918344497681,0.8871870040893555,0.8901292085647583,0.8618309497833252,0.8982189297676086,0.889283299446106
57,21.786545894803066,58.14521834833704,0.8769962787628174,12.217624912667482,55.319278227065524,0.831561267375946,21.786545894803066,57.65160325425598,0.8799474239349365,47.18480720883561,72.55113478707878,0.9373542666435242,36.8070544051907,73.54474969884816,0.8754709959030151,47.18480720883561,72.55113478707878,0.9373542666435242,5.351490979283507,50.322319791987965,0.8320576548576355,1.996819088094332,45.166733782178085,0.7675561904907227,2.8752756483814883,40.096240138185706,0.7806825041770935,0.8617170453071594,0.8187224268913269,0.8730788826942444,0.9270142316818237,0.8847395181655884,0.9270142316818237,0.9142839312553406,0.874701976776123,0.90800940990448
58,72.03362668653467,78.63813652389634,0.9502249956130981,50.85286303114507,64.29033059498724,0.9107455611228943,72.03362668653467,78.63813652389634,0.9502249956130981,17.446818968601168,51.03539070167587,0.8636226654052734,17.446818968601168,52.798465966283615,0.8659167289733887,17.446818968601168,52.798465966283615,0.8665854334831238,10.419462900243012,57.6649340120834,0.8466950058937073,14.962848372546667,50.49087889686948,0.7933793067932129,9.560408787521254,49.28627017152258,0.8119329810142517,0.9183141589164734,0.890714704990387,0.9183141589164734,0.9069405198097229,0.9013965725898743,0.9155201315879822,0.9267460703849792,0.9264171719551086,0.9264680743217468
59,44.03313338639101,59.717394506339616,0.9064648151397705,46.42960661381955,67.6428814430843,0.925553023815155,46.2985228134777,62.31528969347977,0.9190686941146851,23.07712507814924,66.6597969551966,0.8719983696937561,23.693055763743093,66.34024510203386,0.874538242816925,2.199126332517923,21.93368690080474,0.5465294718742371,3.0372940354383413,34.867269482252034,0.7394464015960693,6.722636787666482,42.46327340893254,0.7684106230735779,5.993031480537873,47.11793212153257,0.781091034412384,0.8696646690368652,0.897647500038147,0.8777081370353699,0.8944693803787231,0.9019851684570312,0.38877540826797485,0.8755689859390259,0.8873215317726135,0.8686493635177612
60,28.812433195657047,57.90304195396546,0.8337138295173645,27.996219493659495,60.36566446478376,0.8477895855903625,28.812433195657047,60.39641277574529,0.8579868674278259,17.415784669090776,46.75475477755855,0.8157067894935608,12.105830001346492,43.7446253437515,0.7808587551116943,9.532216676645232,44.19395461450149,0.8223847150802612,6.962249700749937,45.54811725984455,0.8285900354385376,3.772657799190421,41.000255235227414,0.7487056851387024,21.27988282044162,46.74680000808577,0.8145540952682495,0.8618105053901672,0.8631805777549744,0.859104573726654,0.8436378836631775,0.8023274540901184,0.7850784063339233,0.8689581751823425,0.7682565450668335,0.8787980675697327
61,38.09553443285668,71.7575147720976,0.9009639024734497,47.613972983843006,74.74859701758243,0.9109659194946289,55.04635359787209,79.29405297404668,0.9428011178970337,36.16086419789489,68.98874544676781,0.9051928520202637,39.800904817915296,73.5275378003865,0.9104987978935242,36.16086419789489,69.12000397615742,0.9047676920890808,47.75883835697635,80.19862266810102,0.9157209992408752,47.689559976337705,78.59875618970332,0.8959111571311951,55.07765133201138,84.19711372796823,0.90562903881073,0.8910545706748962,0.8941888213157654,0.9165534973144531,0.9034982323646545,0.9041447639465332,0.8951998353004456,0.9363512396812439,0.9194677472114563,0.9308950304985046
62,12.635227789398094,41.6842736926144,0.8621099591255188,6.524019201223846,33.863557059850024,0.8300855755805969,5.453617964371159,30.6598008885302,0.7822192311286926,43.456737599576506,57.57646860126853,0.8581098914146423,18.92587291773161,44.03665194043457,0.7690731287002563,43.456737599576506,57.92734284350782,0.8606840968132019,6.333688471052886,43.61004308555504,0.8231738209724426,3.354647523072955,43.72085257781489,0.7737886309623718,5.422040380077636,35.80498778152966,0.7701067328453064,0.8064060807228088,0.7778745889663696,0.811337947845459,0.8916348218917847,0.801339328289032,0.891658365726471,0.8779201507568359,0.7955868244171143,0.8702760338783264
63,25.95262578303681,64.17931721361573,0.9021244049072266,25.95262578303681,64.17931721361573,0.9021244049072266,25.95262578303681,64.17931721361573,0.9021244049072266,8.225964699966553,59.804005665324844,0.84357088804245,6.754312828675707,59.44999407230053,0.8311111927032471,7.768562846380176,60.343009964042906,0.863792359828949,25.0302384501266,45.45653058981276,0.8104217052459717,9.672649511413097,43.7951740308591,0.7466433048248291,25.0302384501266,45.45653058981276,0.8104217052459717,0.8785477876663208,0.8785477876663208,0.8785477876663208,0.8648760914802551,0.8598687648773193,0.8994273543357849,0.8988974094390869,0.8824012875556946,0.8988974094390869
64,34.1270421358261,56.59014649355449,0.9038405418395996,26.019126665731612,56.00846200740289,0.8401006460189819,42.31303830964412,60.13990521423375,0.9195774793624878,18.010019776510696,65.85700529237441,0.9157262444496155,6.167638062423937,49.946684647387364,0.843151330947876,18.034318268283524,63.771873352531316,0.8804802298545837,21.305413619585096,59.20664968276469,0.8477678298950195,0.0,0.0,0.6018660664558411,21.305413619585096,58.34244209900047,0.883100152015686,0.8685708045959473,0.7739347219467163,0.8801872730255127,0.9148473143577576,0.7710314393043518,0.8349427580833435,0.9257786273956299,0.24347567558288574,0.9160508513450623
65,37.27105527986878,58.33986217127656,0.8942053318023682,31.389675976806497,60.77820265503343,0.8800953030586243,31.83911577589464,62.54240537181861,0.884570837020874,9.941490945601677,50.725392364493985,0.8080338835716248,7.334959170370916,49.523717684491885,0.8483150005340576,1.1883438183016093,22.53362041241031,0.625063419342041,6.38766948422849,41.46912418533431,0.7588517665863037,6.545801214782871,39.88543573528116,0.7555308938026428,6.38766948422849,41.62912646748237,0.7521402835845947,0.8226684927940369,0.6920071244239807,0.7658584117889404,0.8468878269195557,0.8587990403175354,0.5330982804298401,0.800238311290741,0.8095203638076782,0.8242967128753662
66,65.45654390989608,84.49023663219755,0.9548606276512146,32.270911400241104,72.60018870903862,0.8549813032150269,65.45654390989608,84.49023663219755,0.9548606276512146,80.70557274927978,88.95929429431271,0.9770896434783936,15.85805301368275,64.77299234405538,0.8312282562255859,100.00000000000004,100.0,1.0,3.838324558226031,45.82730254269623,0.8669024705886841,5.832991944906044,38.73221641946037,0.8109447360038757,3.6672995332980713,38.95867738833799,0.8369742631912231,0.8986034989356995,0.6759599447250366,0.8986034989356995,0.9212361574172974,0.7033171057701111,0.9627078771591187,0.9009021520614624,0.9106354713439941,0.8691920042037964
67,54.88684910025905,65.1194230794495,0.9418677091598511,29.682624860824657,61.509765912774974,0.8183103799819946,54.88684910025905,65.1194230794495,0.9418677091598511,13.919212131108495,30.526759770021776,0.8014775514602661,9.279771067975602,40.2498933708677,0.7770928740501404,17.072594528044966,51.38150396905665,0.8742292523384094,25.450938600202846,60.635874636409106,0.8768806457519531,8.700223397019132,46.83862616105187,0.7732774019241333,25.450938600202846,60.635874636409106,0.8768806457519531,0.9400086402893066,0.761211097240448,0.9400086402893066,0.7911550402641296,0.7885996699333191,0.8836848735809326,0.9353543519973755,0.8386237621307373,0.9353543519973755
68,57.473860166742696,72.78301855623364,0.9191306233406067,77.6073339063811,87.79648790871862,0.9663363695144653,53.14983052509758,76.58711900045036,0.9491668939590454,25.46568720488483,54.0721622027788,0.8853134512901306,19.250686639935246,50.920507777479685,0.8673461079597473,26.520079092929247,51.3874963462062,0.8692131638526917,4.502405581440031,49.92168518997435,0.8499642014503479,4.185540710160877,46.179060688954785,0.8426708579063416,4.61771532625463,53.76444065802549,0.850654125213623,0.9129806160926819,0.9325077533721924,0.9296481609344482,0.900593101978302,0.8851105570793152,0.8889607191085815,0.8978288173675537,0.9022286534309387,0.9271703362464905
69,30.548599245666576,60.300807505383624,0.8863078951835632,21.879903490242977,57.400845193586,0.8802038431167603,21.879903490242977,57.400845193586,0.8802038431167603,36.95276516767209,56.89301280973693,0.8625582456588745,11.811895313352073,56.15568565863251,0.8558325171470642,14.164243077576051,54.54089261452758,0.8328152894973755,9.482754235376444,48.10530148194193,0.7621490359306335,0.0,0.0,0.512528121471405,10.58077354827967,49.48821655552263,0.7456403970718384,0.7539327144622803,0.7697229981422424,0.7697229981422424,0.8632991313934326,0.8274241089820862,0.8609526753425598,0.8651647567749023,0.2962650656700134,0.7716208696365356
70,19.311023543959514,46.06947605161486,0.8450936675071716,1.1836087198749308,14.702939501560245,0.7326031923294067,22.32657650374041,44.30654343426288,0.8611537218093872,33.46817901082965,67.13664057476245,0.8854939341545105,9.469433563240589,55.59757613745627,0.7958879470825195,14.790264259417677,57.20834280672672,0.856926441192627,6.798317193644945,44.795176507573345,0.823458731174469,5.124982513794918,19.779826948110628,0.7526938915252686,6.798317193644945,44.84032532031576,0.8209954500198364,0.875357985496521,0.6281288862228394,0.8201059103012085,0.8961514234542847,0.7377415299415588,0.9030607342720032,0.8925412893295288,0.754631757736206,0.8985062837600708
71,28.747994540774496,49.27852116364757,0.8914569616317749,31.578949791587956,60.252305555193466,0.8287340998649597,46.97581203275607,62.03472195992844,0.9097744226455688,14.578668354719523,52.75090152314452,0.8600859642028809,5.869997967287077,50.31815750994477,0.8548228740692139,4.807741174365077,45.84291653528238,0.8362011909484863,4.739104762336937,39.81065415417831,0.7817608118057251,0.0,0.0,0.5621471405029297,4.739104762336937,39.87612927942787,0.7786841988563538,0.7114647626876831,0.7585506439208984,0.8789241313934326,0.8392065763473511,0.8398392796516418,0.8544089794158936,0.9104982614517212,0.3141714632511139,0.9102032780647278
72,25.286703231434743,81.14194723855876,0.944904088973999,15.815278389334825,71.80020585709225,0.9128188490867615,25.286703231434743,81.14194723855876,0.9449041485786438,14.087975245199763,58.73973083784399,0.8791854381561279,16.753520397573755,61.93656760508128,0.8682062029838562,15.733304984782075,53.13224849546509,0.8298705816268921,25.459845316736786,49.420720959659555,0.8759670853614807,13.224925997033969,39.287466196519496,0.7684766054153442,21.8285418602495,49.91473642063482,0.8770942687988281,0.9562859535217285,0.9376482367515564,0.9562859535217285,0.9227024912834167,0.9193102121353149,0.9051756262779236,0.9357776045799255,0.6856744289398193,0.940193235874176
73,79.85795045808395,93.7375684888459,0.9874852299690247,66.60502379419339,89.61576588822001,0.9769160747528076,79.85795045808395,93.7375684888459,0.9874852299690247,22.765694864430497,54.29185666437144,0.9023888111114502,22.17387208793043,53.48273516055344,0.8700169920921326,44.02004976281389,72.66684109548743,0.9572680592536926,5.439330544349821,39.886468419059895,0.8103956580162048,5.439330544349821,40.25157612381102,0.8109016418457031,5.439330544349821,40.15748302046024,0.8025338053703308,0.9404981136322021,0.895967960357666,0.9404981136322021,0.9222907423973083,0.8936178088188171,0.955578625202179,0.9188228845596313,0.9140294194221497,0.9141749739646912
74,37.49405143204498,65.45774579198749,0.906827986240387,44.26623526629487,72.69243777300566,0.9387285113334656,36.443025672882484,70.34845427481258,0.9269112944602966,29.627274305955204,56.05409613429657,0.8677258491516113,29.627274305955204,56.05409613429657,0.8677258491516113,17.058127271104883,52.00814062536699,0.8712031841278076,18.744150287621725,60.586766563452365,0.8409206867218018,5.875148471810145,47.51845344127838,0.8005180954933167,6.0745880708766835,50.853480033252886,0.800360381603241,0.8951026201248169,0.9055644273757935,0.9039836525917053,0.8864009380340576,0.8864009380340576,0.8867484927177429,0.8716825842857361,0.8697552680969238,0.8906524777412415
75,35.601499944033186,68.24890348349996,0.9419534206390381,27.52628179213751,66.85787933535306,0.8982821106910706,39.72876727027486,71.11065616794899,0.9458804130554199,47.9071425065913,79.82761645626161,0.9525968432426453,28.574404296987996,71.86162903485798,0.8743888735771179,41.83007445500921,76.1302712811987,0.9368065595626831,6.581209667722547,33.94008931545774,0.781051754951477,4.344109103419242,36.71615991051968,0.761696457862854,6.581209667722547,33.94008931545774,0.781051754951477,0.9243782758712769,0.8954960107803345,0.9358036518096924,0.9459043741226196,0.8492395877838135,0.9413877129554749,0.9129480719566345,0.8907179236412048,0.9129480719566345
76,48.009801743640416,74.27369827939997,0.9441030025482178,44.707213764984374,71.09513497565023,0.9436449408531189,48.009801743640416,74.27369827939997,0.9441030025482178,6.150343144231885,39.60775459252178,0.8355794548988342,3.300809119141885,38.38622553220392,0.7714994549751282,3.4585921141027356,32.81741821542103,0.8126886487007141,12.072147363228941,63.561264078370414,0.8961498141288757,4.597891300661083,58.94108809090768,0.7889223694801331,15.63355194383595,64.93272403897569,0.8983243107795715,0.9311939477920532,0.9275853633880615,0.9311939477920532,0.8098031282424927,0.780257523059845,0.7761924862861633,0.9444962739944458,0.8609815835952759,0.9495474696159363
77,30.920671134939404,61.884858930195655,0.906882643699646,14.234525515369384,52.28472165698853,0.807234525680542,30.920671134939404,60.019824144209096,0.9071682691574097,45.870619031121876,71.82719550293542,0.9297965168952942,7.261813302549418,60.47893728483692,0.8483465313911438,13.315856519563706,62.81494833789836,0.9113131761550903,3.787865612579481,38.40011677625091,0.7543122172355652,0.0,0.0,0.5487084984779358,3.787865612579481,38.20693694070901,0.7835766077041626,0.7769343256950378,0.6825426816940308,0.7772217392921448,0.8293164372444153,0.7650616765022278,0.8042888641357422,0.7488620281219482,0.27543026208877563,0.8073540329933167
78,64.93947950280938,81.28977923683911,0.9499696493148804,48.44273237963863,74.6670957565321,0.9161403179168701,36.496418579982986,66.24735931927322,0.9034664630889893,24.405574666273502,61.34000961261113,0.8764852285385132,11.003640569973156,53.628313334327075,0.8424755930900574,11.328351499193039,54.210736784561306,0.8468590974807739,7.376845394537155,44.08550037196215,0.7892729043960571,7.822175650720356,45.650203914324834,0.7801373600959778,7.298194967325294,44.32354394520972,0.7644557952880859,0.8254330158233643,0.8145045638084412,0.8147960305213928,0.8005714416503906,0.7112177610397339,0.7483258247375488,0.8259918689727783,0.8256400227546692,0.8379068970680237
79,46.171734249111026,87.78864898120511,0.9426870942115784,21.01166524675293,75.33459124231557,0.8656465411186218,46.171734249111026,87.78864898120511,0.9426870942115784,9.118748637936346,45.84252225245745,0.8376443982124329,8.431280434477,45.647362202607894,0.8295066356658936,10.697559366156048,49.81876407136133,0.8478559851646423,8.663107616949075,37.25333566730356,0.8391879200935364,5.177813034788801,39.9412498635681,0.7862486243247986,4.869426103311578,35.872818382726514,0.8368042707443237,0.9360072612762451,0.8406784534454346,0.9360072612762451,0.8642407059669495,0.8603007197380066,0.8638910055160522,0.918219804763794,0.8620074391365051,0.9136355519294739
80,100.00000000000004,100.0,1.0,31.248083011283462,70.23669534053342,0.8473941087722778,100.00000000000004,100.0,1.0,64.75445426291287,87.91378073578059,0.9699923396110535,34.89214645008508,77.50391138204874,0.8705917596817017,64.75445426291287,87.91378073578059,0.9699923396110535,47.0871306001523,67.86169605903288,0.898476243019104,0.0,1.8315018315018317,0.5950654745101929,39.84681131627584,64.60759710200304,0.8900759816169739,0.9756676554679871,0.784447431564331,0.9756676554679871,0.8932838439941406,0.8995489478111267,0.8932838439941406,0.963128924369812,0.32927995920181274,0.9593925476074219
81,44.49352064735117,73.13139941056905,0.9525308012962341,56.971032152705476,83.82429251246968,0.9365898370742798,44.49352064735117,73.13139941056905,0.9525308012962341,28.917849332325716,71.58284617735461,0.891352653503418,10.435185733665413,56.04022889139042,0.7950666546821594,14.324501759034872,56.82840372497387,0.6983237862586975,8.516593018819643,43.01679288810425,0.7815712690353394,0.0,0.0,0.563402533531189,7.768562846380176,42.884063283873104,0.776160478591919,0.9500497579574585,0.951370358467102,0.9500497579574585,0.9360951781272888,0.8794947266578674,0.4122219383716583,0.9250990748405457,0.29177922010421753,0.9221553206443787
82,29.270571215593964,58.29650056211187,0.8769918084144592,7.596247666345635,49.65097716803723,0.7378338575363159,29.10624919304027,58.5861095666101,0.8724404573440552,27.206959652131616,61.05965952071942,0.8867863416671753,23.237925552587253,50.71538806343982,0.7961230874061584,14.44788670919441,54.64549299935453,0.8663691878318787,5.435780239272011,41.230804291653655,0.813337504863739,0.0,0.0,0.5642623901367188,5.435780239272011,41.230804291653655,0.813337504863739,0.8934352993965149,0.7663869857788086,0.8973031640052795,0.9144482016563416,0.7630909085273743,0.8488863706588745,0.9054911732673645,0.2681835889816284,0.9054911732673645
83,56.31305391467779,76.337852293074,0.9428614377975464,66.74824307873075,81.78477139109958,0.9507295489311218,45.06497840969394,71.41370656560747,0.9357900619506836,14.252530659248798,48.2749933393216,0.8788750767707825,14.957644445778929,55.07101844979566,0.8914064764976501,14.48435514408399,49.60884987739436,0.8851529955863953,8.87823414549699,54.60042152446049,0.8495926260948181,8.87823414549699,56.64475895471832,0.8543347716331482,15.35259783865636,59.150406028273736,0.8619722127914429,0.8636609315872192,0.8626505136489868,0.86533522605896,0.8603103756904602,0.8833985328674316,0.8755190968513489,0.8686736226081848,0.8552899956703186,0.8745877742767334
84,71.60389721320315,82.99569180296528,0.9596944451332092,47.335653157311036,77.41356571425354,0.8994249105453491,71.60389721320315,84.83028418800829,0.9660483002662659,31.06110963579251,72.2655193612286,0.9181352257728577,38.341605479816565,76.43716038826028,0.8880155682563782,43.600387912116446,77.26906877115873,0.917759358882904,34.54109164617912,63.47781583190065,0.8840588927268982,31.48511129075858,62.363987758456865,0.8427303433418274,35.280661628580276,62.433243751723225,0.8672915697097778,0.9283580780029297,0.8541934490203857,0.928270697593689,0.8882420063018799,0.8337580561637878,0.8909208178520203,0.9166577458381653,0.8740460872650146,0.9056554436683655
85,51.77290181508159,70.04860612472592,0.9327516555786133,41.41141641264603,62.114584426146145,0.8990250825881958,41.8283517143725,65.04681594628958,0.9043517112731934,42.536784465599695,77.54401841615388,0.9446030259132385,58.05399561362192,79.91479617165987,0.941688060760498,38.54501214118698,74.98291044585523,0.9353519082069397,43.29051306333389,75.92549739737193,0.9002383351325989,47.05896438972141,78.68355562938996,0.9033259153366089,43.29051306333389,72.51033922703817,0.885972797870636,0.8872612118721008,0.8942251205444336,0.8609766960144043,0.9305217862129211,0.9303645491600037,0.9264007210731506,0.9377829432487488,0.942920982837677,0.9358825087547302
86,73.85617080677117,87.42160794988241,0.9827849864959717,51.088882345467496,81.2541256901267,0.9182689189910889,73.85617080677117,87.42160794988241,0.9827849864959717,28.509599356836343,65.23562743264058,0.9068653583526611,11.641510291359667,65.80869608447625,0.843777596950531,26.962714367770303,62.270162716958396,0.8790354132652283,45.25098241779854,67.83366471196491,0.871264636516571,20.331684537134436,60.753641239656794,0.7880187630653381,29.432522443142666,63.49079189642168,0.8446910381317139,0.9123233556747437,0.8788042664527893,0.9123233556747437,0.893917441368103,0.8716803193092346,0.8940080404281616,0.9190587401390076,0.9044845104217529,0.9232210516929626
87,31.054626134604007,59.90586411984625,0.8845365047454834,31.054626134604007,59.90586411984625,0.8845365047454834,29.39686341787249,59.77384337364114,0.8800356388092041,42.396156294478324,71.50019185912046,0.9339221715927124,11.88359194952101,49.40737987727651,0.844959020614624,24.2935987394693,56.81944900091751,0.8834987282752991,9.276520414382157,43.91899481015358,0.7960044741630554,15.08897068014504,45.32873442534245,0.8108612895011902,9.388847317749217,44.427102185591735,0.7979370951652527,0.9030723571777344,0.9030723571777344,0.8997729420661926,0.9407428503036499,0.9094759821891785,0.9258798956871033,0.8834043741226196,0.8898966908454895,0.9017161726951599
88,50.945362863007105,81.07023029852,0.9443389177322388,45.21581010713901,75.70443009670457,0.929049015045166,42.23838686598958,76.3640038447725,0.9387116432189941,30.700779299094904,60.84880054127465,0.88442462682724,39.36850128355708,66.05619380072956,0.8936277627944946,30.700779299094904,60.859591821442585,0.8816331028938293,5.049122311941813,42.53130229041561,0.7642903327941895,5.049122311941813,41.95337980089401,0.7613629102706909,5.754754970749592,45.082437613852896,0.770305871963501,0.9100232720375061,0.9150300621986389,0.908972442150116,0.9216575622558594,0.9262698888778687,0.9241907596588135,0.9184391498565674,0.917994499206543,0.9185763597488403
89,6.046277996312942,56.24497909359274,0.8633387684822083,8.984797156831853,58.01107211135069,0.8704481720924377,9.659503673700975,62.547411124590425,0.8893547654151917,42.87702097295242,77.15413640333462,0.9380646347999573,32.09442950496566,64.11846286784956,0.8971984386444092,31.62277660168379,60.58485320996787,0.900464653968811,17.271600094426358,48.361967071496785,0.8071597814559937,17.271600094426358,48.361967071496785,0.8071597814559937,29.11321657814561,58.1227017185804,0.8481080532073975,0.880404531955719,0.8936178684234619,0.8948260545730591,0.9283787608146667,0.9080103635787964,0.8883914351463318,0.9151197075843811,0.9151197075843811,0.9296210408210754
90,81.14760098758252,90.48517498640514,0.9767678380012512,75.25593946697077,89.54118793963217,0.9639092087745667,65.82039225697656,83.88961504309623,0.9577749967575073,41.069429272881145,78.15885882853517,0.9167648553848267,31.202266551165984,72.1992481842435,0.9035728573799133,45.22181628745414,79.48862577719395,0.9175192713737488,22.11668702396446,57.44502702756598,0.8339800238609314,21.8833379917053,57.81198932437184,0.8335008025169373,22.11460769874262,58.06696800415627,0.8243456482887268,0.892768383026123,0.8831053376197815,0.8797256946563721,0.8800478577613831,0.859107494354248,0.8548411130905151,0.8861112594604492,0.8683820366859436,0.8906599283218384
91,36.31786165277147,67.71592939416297,0.9085173010826111,40.799959283676415,64.34719451440132,0.8907225728034973,35.13545222846815,67.11873593786261,0.9103054404258728,22.964311018608495,52.95277818153389,0.8771695494651794,17.949911783795084,51.05213309627976,0.8343690037727356,22.490565580116762,52.596537158827694,0.8790589570999146,13.003645890850162,52.41719780104289,0.7732691168785095,12.866831402652036,47.12287288930338,0.7702969312667847,14.463082112841828,59.70892057969073,0.8157540559768677,0.7690833210945129,0.7196192741394043,0.7695498466491699,0.8870958089828491,0.8405368328094482,0.8916389346122742,0.7611520290374756,0.7360039949417114,0.7921343445777893
92,58.835032601191344,84.37965574652843,0.9605832099914551,58.835032601191344,84.37965574652843,0.9605832099914551,58.82661820461596,82.66456273263225,0.952542781829834,34.45778903767542,73.10189611723277,0.8892708420753479,26.681730651789678,70.52728757813898,0.8852691650390625,11.451997463067546,58.848326600344635,0.8489518165588379,18.049917151765577,43.77617528249256,0.8109959959983826,11.688030698467605,40.56065299823317,0.7845439910888672,11.239911966106737,37.95360198460278,0.7950406670570374,0.9260618686676025,0.9260618686676025,0.9262087345123291,0.9026007652282715,0.9053300619125366,0.8928338885307312,0.8694956302642822,0.8824372291564941,0.877408504486084
93,63.48364406749678,86.01112377476105,0.9479220509529114,71.85889749522154,89.44541262799326,0.9516357779502869,62.6037503835834,83.31323941708096,0.9230731129646301,40.28998029112095,62.73750440925091,0.8878127932548523,40.28998029112095,61.67655104202594,0.8940238356590271,40.28998029112095,62.73750440925091,0.8878127932548523,2.1730050996918813,44.43755683554607,0.7916790246963501,2.175585104012123,42.89433963484425,0.7821941375732422,2.079114978646295,42.52512871278357,0.7831810116767883,0.8281472325325012,0.8291218280792236,0.796617329120636,0.7259684205055237,0.6806758642196655,0.7259684205055237,0.6268150210380554,0.6558609008789062,0.6592127084732056
94,65.72677895577044,84.88901327260335,0.9574723839759827,50.09092657036855,75.8943547992283,0.9432580471038818,50.13550357820997,75.92254723509421,0.9423708915710449,6.1827411661290235,41.560980814584994,0.7792434692382812,6.1827411661290235,44.53504048324169,0.8149991631507874,3.8275613602956104,42.9292364808766,0.819953978061676,10.903051505700674,47.29461907975505,0.834033727645874,6.120673474735603,43.78951062789234,0.7642744779586792,10.903051505700674,47.17226862222774,0.8322486877441406,0.9354241490364075,0.928005039691925,0.9221494793891907,0.8052414655685425,0.819046676158905,0.8000943660736084,0.8978543877601624,0.7684352397918701,0.9051126837730408
95,34.39597822708344,72.86279410088385,0.9195372462272644,8.20956843607846,63.74313242644981,0.804612398147583,32.38350315786145,69.80488765062705,0.9088773727416992,53.03624596095554,81.09806555445263,0.9239505529403687,15.295559337528834,60.3100961855867,0.8141108155250549,43.34366012758324,73.9985585439633,0.8738591074943542,13.045923412418043,36.23912379907278,0.7964874505996704,7.087648989046158,40.97168359297631,0.7185893654823303,13.195666998273555,35.64643509761792,0.7966445088386536,0.9443626999855042,0.8213288187980652,0.9410082101821899,0.9150941967964172,0.82001793384552,0.8984389305114746,0.8948107361793518,0.8303168416023254,0.9040172100067139
96,77.49224723289701,93.78590250793034,0.9553306698799133,42.23586032463541,72.66443077501876,0.919058620929718,62.69641331921133,81.40928160397006,0.9353786706924438,21.063357946200128,47.27044276275329,0.8883748650550842,16.19557012853241,31.45434591482317,0.811772882938385,16.19557012853241,35.37353832471249,0.8136957287788391,4.256623508027625,40.58839658496378,0.7894302606582642,5.17618159938035,43.84430201222027,0.8144122362136841,3.945384652473475,40.408779403886534,0.8127561211585999,0.9597263336181641,0.9337892532348633,0.9440561532974243,0.8551566004753113,0.8590598106384277,0.8520321249961853,0.8742859959602356,0.7982853055000305,0.8427230715751648
97,79.12619863720215,86.44652144924056,0.9869892001152039,34.47646468597933,72.99628738032666,0.8263771533966064,79.12619863720215,86.44652144924056,0.9869892001152039,10.571070857151541,58.733300383530285,0.9356488585472107,2.6227235705350953,37.38000679617267,0.7598760724067688,10.571070857151541,58.733300383530285,0.9356488585472107,15.8636093934526,49.587928095295034,0.8013985753059387,8.447773742536654,41.98030913235573,0.7079400420188904,15.8636093934526,49.52565151828011,0.7913856506347656,0.9469669461250305,0.801029622554779,0.9469669461250305,0.9171329736709595,0.7373193502426147,0.9171329736709595,0.9285846948623657,0.7667863368988037,0.9233074188232422
98,100.00000000000004,100.0,0.9999999403953552,39.65083191236898,78.0652250868773,0.8727973699569702,100.00000000000004,100.0,0.9999999403953552,36.88939732334405,72.92105786801322,0.9151231646537781,9.379601158083608,58.361399814791646,0.820250391960144,52.53819788848316,84.46223012067665,0.9316407442092896,5.3990167242108145,41.13864344894936,0.8258172869682312,3.7419436034576044,35.33276435209593,0.750019371509552,5.3990167242108145,41.13864344894936,0.8258172869682312,0.9796098470687866,0.6988366842269897,0.9796098470687866,0.9530586004257202,0.685530424118042,0.9635134935379028,0.9021581411361694,0.7482724785804749,0.9021581411361694
99,16.15862113802043,52.7282114420933,0.8639891147613525,15.965480283763936,55.21390099464247,0.846349835395813,17.092467746295725,54.00743151099666,0.8506280183792114,33.38080021677296,62.73843275642198,0.870628297328949,27.412292653919486,66.36948990576799,0.8452717661857605,48.077113118585096,70.86300586852238,0.907159686088562,4.656259916174615,43.56389979097289,0.8030749559402466,4.868789840258697,44.81822111153311,0.7980782389640808,4.614184030993741,46.25027713032158,0.8291995525360107,0.7634921669960022,0.8124211430549622,0.7934979200363159,0.8609452247619629,0.8477845788002014,0.870600163936615,0.8199590444564819,0.8158776164054871,0.8633037209510803
